<?xml version="1.0" encoding="utf-8"?>
<playlist version="1" xmlns="http://xspf.org/ns/0/">
	<trackList>

		<track>
			<location>http://www.yourinspirationweb.com/WhiteFolio/images/1.jpg</location>
		</track>

		<track>
			<location>http://www.yourinspirationweb.com/WhiteFolio/images/2.jpg</location>
		</track>

		<track>
			<location>http://www.yourinspirationweb.com/WhiteFolio/images/3.jpg</location>
		</track>
		
		<track>
			<location>http://www.yourinspirationweb.com/WhiteFolio/images/4.jpg</location>
		</track>
		
		<track>
			<location>http://www.yourinspirationweb.com/WhiteFolio/images/5.jpg</location>
		</track>

	</trackList>
</playlist>